City_ID,city,lat,lng,max_temp,Humidity,Cloudiness,Wind Speed
0,Atuona,-9.8,-139.0333,77.72,66,59,18.88
1,Dingle,10.9995,122.6711,77.4,81,100,11.59
2,Eureka,40.8021,-124.1637,79.66,69,16,7.0
3,Havoysund,70.9963,24.6622,45.48,92,100,28.5
4,Mataura,-46.1927,168.8643,43.48,97,100,3.29
5,Palana,59.1167,159.9667,53.87,72,100,17.69
6,Rikitea,-23.1203,-134.9692,73.11,57,35,15.26
7,Sebinkarahisar,40.2883,38.4236,65.14,79,67,3.87
8,East London,-33.0153,27.9116,51.08,72,28,21.54
9,Severo-Kurilsk,50.6789,156.125,52.14,93,22,2.51
10,Zhanakorgan,43.9098,67.2495,79.48,31,0,5.86
11,Meulaboh,4.1363,96.1285,75.36,88,100,4.56
12,Ushuaia,-54.8,-68.3,33.46,86,75,5.75
13,Porto Santo,33.072,-16.3415,71.51,78,20,10.36
14,Cape Town,-33.9258,18.4232,48.61,74,40,4.0
15,Chekhov,55.1431,37.4711,64.29,84,63,9.31
16,Busselton,-33.65,115.3333,49.05,81,60,7.43
17,Stromness,58.965,-3.296,55.65,90,2,8.63
18,New Norfolk,-42.7826,147.0587,48.88,81,100,1.99
19,Talnakh,69.4865,88.3972,54.75,58,100,6.82
20,Sao Felix Do Xingu,-6.6447,-51.995,88.79,32,37,2.21
21,Yellowknife,62.456,-114.3525,72.28,60,75,1.01
22,Beira,-19.8436,34.8389,68.09,100,0,9.22
23,Hermanus,-34.4187,19.2345,45.9,69,99,16.67
24,Pevek,69.7008,170.3133,41.56,64,2,3.24
25,Bluff,-46.6,168.3333,43.81,80,100,12.91
26,Albany,42.6001,-73.9662,77.31,72,59,8.99
27,Victor Harbor,-35.5667,138.6167,49.46,83,100,12.21
28,Elko,41.0002,-115.5012,97.74,14,19,10.0
29,Imbituba,-28.24,-48.6703,58.89,78,0,1.88
30,Natal,-5.795,-35.2094,77.65,78,40,14.97
31,Hithadhoo,-0.6,73.0833,81.95,74,100,11.68
32,Coihueco,-36.6167,-71.8333,57.94,67,0,4.61
33,Punta Arenas,-53.15,-70.9167,39.31,81,90,14.97
34,Fairbanks,64.8378,-147.7164,72.09,51,20,0.0
35,Togur,58.3631,82.8265,57.78,83,16,4.0
36,Rio Grande,-32.035,-52.0986,57.31,62,0,4.72
37,Provideniya,64.3833,-173.3,46.51,76,90,11.18
38,Touros,-5.1989,-35.4608,77.9,79,7,15.88
39,Geraldton,-28.7667,114.6,55.81,100,90,0.0
40,Hasaki,35.7333,140.8333,75.6,84,4,2.77
41,Erdenet,49.0333,104.0833,50.04,96,21,2.82
42,Arraial Do Cabo,-22.9661,-42.0278,66.06,82,0,3.44
43,Hobart,-42.8794,147.3294,49.23,82,40,3.0
44,Victoria,22.2855,114.1577,82.45,91,88,3.0
45,Trelew,-43.249,-65.3051,58.48,53,100,17.22
46,Calabozo,8.9242,-67.4293,84.38,62,71,7.09
47,Slidell,30.2752,-89.7812,91.76,64,20,4.0
48,Usinsk,65.9939,57.5281,48.69,93,57,15.9
49,Rorvik,64.8621,11.2373,54.97,92,100,25.84
50,Ribeira Grande,38.5167,-28.7,70.2,68,75,8.05
51,Kapaa,22.0752,-159.319,82.38,80,75,5.01
52,Bethel,41.3712,-73.414,82.02,69,1,1.99
53,Roswell,34.0232,-84.3616,87.98,69,20,3.44
54,Longyearbyen,78.2186,15.6401,40.84,70,20,13.8
55,Mar Del Plata,-38.0023,-57.5575,55.09,60,0,7.0
56,Henties Bay,-22.116,14.2845,54.86,82,0,10.76
57,Port Elizabeth,-33.918,25.5701,45.1,72,77,29.12
58,Cayenne,4.9333,-52.3333,86.04,78,20,1.99
59,Vaini,-21.2,-175.2,77.16,83,20,10.36
60,Bondo,3.8146,23.6866,71.01,89,100,1.86
61,Avarua,-21.2078,-159.775,80.65,78,7,12.66
62,Kaitangata,-46.2817,169.8464,42.13,92,100,6.33
63,Port Macquarie,-31.4333,152.9167,44.38,69,7,8.88
64,Fortuna,40.5982,-124.1573,79.41,66,20,8.01
65,Awbari,26.5921,12.7805,88.2,18,0,8.57
66,Eregli,37.5133,34.0467,76.86,35,0,3.49
67,Merauke,-8.4667,140.3333,75.02,90,97,10.22
68,Kodiak,57.79,-152.4072,55.11,91,91,6.04
69,Lompoc,34.6391,-120.4579,91.78,68,1,17.27
70,Arroyo,41.6096,-4.7969,83.21,28,0,4.61
71,Corinto,37.9407,22.9573,84.63,65,64,3.49
72,Melville,40.7934,-73.4151,83.86,76,75,8.05
73,Kysyl-Syr,63.8986,122.7617,62.4,73,54,2.04
74,Thompson,55.7435,-97.8558,75.36,50,75,5.75
75,Shakhovskaya,56.0283,35.5097,51.96,94,1,9.71
76,Vaitape,-16.5167,-151.75,79.03,77,46,18.75
77,Altamira,-3.2033,-52.2064,86.09,70,20,2.3
78,Worthington,40.0931,-83.018,78.75,62,75,1.01
79,Birjand,32.8663,59.2211,72.07,18,0,4.61
80,Kavieng,-2.5744,150.7967,81.48,78,100,8.03
81,Beibei,29.8256,106.4339,81.37,84,98,3.18
82,Nailsea,51.4324,-2.7585,75.61,71,0,2.91
83,Qui Nhon,13.7667,109.2333,82.96,71,100,15.52
84,Port Alfred,-33.5906,26.891,50.38,74,95,29.44
85,Kavaratti,10.5669,72.642,82.11,83,100,21.12
86,The Pas,53.8251,-101.2541,77.02,65,40,7.0
87,Georgetown,5.4112,100.3354,82.89,90,20,2.3
88,Souillac,-20.5167,57.5167,69.37,73,75,12.66
89,Barrow,71.2906,-156.7887,37.42,96,90,18.41
90,Dikson,73.5069,80.5464,49.98,65,99,18.03
91,Jamestown,42.097,-79.2353,72.99,69,69,9.71
92,Tuktoyaktuk,69.4541,-133.0374,71.6,68,20,8.05
93,Tuatapere,-46.1333,167.6833,43.83,89,100,4.16
94,Butaritari,3.0707,172.7902,82.8,75,31,12.24
95,Krasnokamensk,50.0979,118.0369,68.02,91,69,3.74
96,Moron,-34.6534,-58.6198,63.0,61,41,1.99
97,Airai,-8.9266,125.4092,54.34,79,15,2.8
98,Anadyr,64.75,177.4833,57.7,67,0,2.24
99,Tadine,-21.55,167.8833,71.98,75,8,4.81
100,Warrington,53.3925,-2.5802,75.92,77,0,3.44
101,Puerto Ayora,-0.7393,-90.3518,84.16,92,100,8.99
102,Lebanon,36.2081,-86.2911,91.31,57,1,5.75
103,Bredasdorp,-34.5322,20.0403,45.72,76,99,9.22
104,Sept-Iles,50.2001,-66.3821,67.24,61,90,1.99
105,Castro,-24.7911,-50.0119,53.73,57,7,2.06
106,Saint Anthony,45.0205,-93.218,86.04,64,20,3.0
107,Michigan City,41.7075,-86.895,79.18,79,40,6.91
108,Pondicherry,11.93,79.83,83.26,62,100,16.22
109,Clyde River,70.4692,-68.5914,39.43,87,90,9.22
110,Qaanaaq,77.484,-69.3632,38.05,99,100,13.73
111,Maniitsoq,65.4167,-52.9,45.3,79,18,4.41
112,Hilo,19.7297,-155.09,82.27,78,75,6.91
113,Chulman,56.8479,124.9104,56.05,92,88,1.36
114,Narsaq,60.9167,-46.05,52.02,97,100,2.13
115,Sambava,-14.2667,50.1667,71.1,85,55,13.98
116,Bambous Virieux,-20.3428,57.7575,69.22,73,75,12.66
117,Broken Hill,-31.95,141.4333,42.51,65,40,11.5
118,Acari,-15.4311,-74.6158,74.14,50,0,6.82
119,La Paz,-16.5,-68.15,60.78,13,20,10.36
120,Megion,61.0296,76.1136,68.02,78,84,12.06
121,Shenjiamen,29.9576,122.298,79.14,87,8,20.71
122,Sydney Mines,46.2367,-60.2177,70.03,92,90,3.0
123,Tarauaca,-8.1614,-70.7656,86.5,37,0,2.39
124,Nantai,40.9241,122.8044,74.08,88,100,1.99
125,Choix,26.7092,-108.3219,95.43,42,36,8.75
126,Sur,22.5667,59.5289,95.29,45,47,13.0
127,Dicabisagan,17.0818,122.4157,78.4,84,71,4.9
128,Port Hardy,50.6996,-127.4199,57.38,88,90,3.44
129,Alyangula,-13.8483,136.4192,51.67,93,100,0.0
130,Ewa Beach,21.3156,-158.0072,82.35,74,75,13.0
131,Hami,42.8,93.45,85.51,24,100,3.4
132,Upernavik,72.7868,-56.1549,42.57,83,71,3.51
133,Ekibastuz,51.6667,75.3667,67.98,53,0,6.89
134,Kula,38.5473,28.6498,72.93,55,0,3.51
135,Aykhal,66.0,111.5,56.93,88,65,6.85
136,Juneau,58.3019,-134.4197,60.85,88,75,8.05
137,Aksu,41.1231,80.2644,67.77,68,100,10.56
138,Pachino,36.7186,15.0907,79.59,66,2,3.38
139,Bourail,-21.5667,165.4833,66.81,73,0,3.69
140,Salamiyah,35.0113,37.0532,72.75,76,0,19.71
141,Gambela,8.25,34.5833,69.57,89,100,3.04
142,Tual,-5.6667,132.75,79.97,77,100,16.78
143,Toppenish,46.3774,-120.3087,85.71,11,0,6.04
144,Constantine,36.365,6.6147,76.41,46,0,2.3
145,Uzunovo,54.5386,38.6173,56.97,83,100,8.43
146,Colorado,-22.8375,-51.9731,64.94,26,2,5.68
147,Ponta Do Sol,32.6667,-17.1,73.71,82,0,2.95
148,Chuy,-33.6971,-53.4616,50.38,74,2,0.38
149,Launceston,-41.45,147.1667,43.16,97,90,5.75
150,Aklavik,68.2191,-135.0107,86.72,47,40,2.3
151,Hofn,64.2539,-15.2082,53.62,82,0,5.75
152,Saskylakh,71.9167,114.0833,54.72,79,100,11.27
153,Tall Kayf,37.0833,41.0667,79.99,26,0,4.61
154,Torbay,47.6666,-52.7314,54.28,98,90,14.97
155,Vao,-22.6667,167.4833,70.54,69,42,13.27
156,Bissora,12.2231,-15.4475,80.02,81,100,7.81
157,Yerbogachen,61.2767,108.0108,55.31,78,15,3.65
158,Kemijarvi,66.7131,27.4306,48.92,77,98,6.93
159,Ilulissat,69.2167,-51.1,48.22,71,33,2.3
160,Cherskiy,68.75,161.3,57.06,50,4,2.24
161,Burnie,-41.0667,145.9167,44.92,88,92,5.12
162,Half Moon Bay,37.4636,-122.4286,91.92,65,20,19.57
163,Carnarvon,-24.8667,113.6333,53.67,68,8,4.61
164,Shitanjing,39.2342,106.3439,70.63,65,4,8.5
165,Pundaguitan,6.3711,126.1689,83.59,72,23,9.22
166,Umm Kaddadah,13.6017,26.6876,77.76,72,100,19.06
167,Camacha,33.0833,-16.3333,68.76,78,20,10.36
168,Elizabeth City,36.2946,-76.2511,92.01,63,20,5.01
169,Yuci,37.6803,112.7319,67.75,94,40,2.24
170,Ponta Delgada,37.7333,-25.6667,70.52,73,20,8.05
171,Sitka,57.0531,-135.33,57.09,82,75,9.22
172,Nishihara,26.1842,127.7558,80.26,94,75,25.32
173,Isangel,-19.55,169.2667,75.99,84,21,2.68
174,Pangnirtung,66.1451,-65.7125,46.4,81,75,17.27
175,Hobyo,5.3505,48.5268,77.81,79,40,25.48
176,Uchiza,-8.4592,-76.4633,80.76,61,48,1.54
177,Puerto Leguizamo,-0.1934,-74.7819,77.67,72,69,2.21
178,Snasa,64.2457,12.3778,51.19,84,98,10.71
179,Katangli,51.7102,143.2326,63.55,80,39,7.45
180,Bengkulu,-3.8004,102.2655,74.16,87,30,3.49
181,Vacaria,-28.5122,-50.9339,50.72,61,0,0.94
182,San Andres Del Rabanedo,42.6117,-5.6167,75.92,46,0,6.91
183,Alofi,-19.0595,-169.9187,76.89,78,75,12.66
184,Saint-Philippe,-21.3585,55.7679,69.39,77,71,15.19
185,Suileng,47.25,127.0833,72.64,91,39,4.85
186,Kruisfontein,-34.0033,24.7314,42.89,71,95,29.66
187,Chokurdakh,70.6333,147.9167,44.71,72,88,6.78
188,Mo I Rana,66.3128,14.1428,52.32,95,75,5.75
189,San Patricio,28.017,-97.5169,93.92,40,4,5.39
190,Los Llanos De Aridane,28.6585,-17.9182,67.75,90,20,16.11
191,Seabra,-12.4186,-41.7703,69.53,75,28,10.31
192,Chernyshevskiy,63.0128,112.4714,55.38,91,100,2.93
193,Makrana,27.05,74.7167,85.66,63,89,13.78
194,Ahuimanu,21.4447,-157.8378,82.11,70,90,13.8
195,West Linton,55.7497,-3.3561,68.9,82,0,1.63
196,Nuuk,64.1835,-51.7216,50.61,66,20,8.05
197,Chabahar,25.2919,60.643,89.35,74,14,16.06
198,Leningradskiy,69.3833,178.4167,37.06,78,100,5.32
199,Salalah,17.0151,54.0924,78.89,94,75,9.22
200,Raudeberg,61.9875,5.1352,55.2,82,52,11.32
201,Bonthe,7.5264,-12.505,78.04,79,81,7.65
202,Esperance,-33.8667,121.9,49.84,68,100,20.92
203,Brunico,46.7958,11.9364,71.89,86,15,2.13
204,Tiksi,71.6872,128.8694,39.27,95,100,4.14
205,Grindavik,63.8424,-22.4338,55.35,100,90,11.5
206,Sangar,63.9242,127.4739,59.02,85,90,3.65
207,Nikolskoye,59.7035,30.7861,60.69,70,11,5.26
208,Catalca,41.1432,28.4615,78.12,78,0,6.26
209,Hurricane,37.1753,-113.2899,102.54,28,15,6.89
210,Nara,34.6851,135.8049,79.92,94,97,2.75
211,Duyun,26.2667,107.5167,69.55,97,98,2.73
212,Mahebourg,-20.4081,57.7,69.26,73,75,12.66
213,Gari,59.4307,62.3497,57.4,91,52,2.3
214,Manokwari,-0.8667,134.0833,78.57,79,100,1.95
215,Ghanzi,-21.5667,21.7833,48.31,44,0,9.71
216,Saurimo,-9.6608,20.3916,64.65,27,1,6.31
217,Aswan,24.0934,32.907,97.03,16,76,12.21
218,Sawtell,-30.3833,153.1,48.22,74,6,8.05
219,Ellisras,-23.6649,27.7443,52.02,36,1,6.55
220,Sakakah,29.9697,40.2064,96.37,16,0,11.83
221,Salacgriva,57.7536,24.3581,53.91,70,0,10.25
222,Srednekolymsk,67.45,153.6833,60.08,69,77,5.93
223,Minna,9.6139,6.5569,73.33,90,91,3.04
224,Great Falls,47.5002,-111.3008,93.92,28,1,4.0
225,Ketchikan,55.3422,-131.6461,55.87,100,90,5.75
226,Port Blair,11.6667,92.75,81.09,85,100,23.06
227,Skegness,53.1436,0.3363,63.99,91,0,8.3
228,Qinzhou,21.95,108.6167,76.64,97,100,2.59
229,Pouembout,-21.1333,164.9,68.07,69,21,2.98
230,Talcahuano,-36.7167,-73.1167,51.48,93,90,6.91
231,Cidreira,-30.1811,-50.2056,56.01,63,0,5.59
232,Tasiilaq,65.6145,-37.6368,41.16,97,100,6.46
233,Saint George,37.1041,-113.5841,104.47,25,20,4.0
234,Balakovo,52.0278,47.8007,69.82,79,33,11.45
235,Iracoubo,5.4802,-53.2011,80.71,84,21,9.93
236,Dharchula,29.85,80.5333,71.76,97,100,2.68
237,Cabatuan,10.8794,122.486,76.8,83,100,9.53
238,Korla,41.7597,86.1469,82.47,23,78,9.08
239,Yagodnoye,62.55,149.6667,66.76,72,100,3.56
240,Naberera,-4.2,36.9333,57.87,89,12,7.16
241,Ancud,-41.8697,-73.8203,51.33,84,100,12.64
242,Galle,6.0367,80.217,79.7,84,100,17.63
243,Dunyapur,29.7995,71.7196,86.02,52,99,5.61
244,Atasu,48.6814,71.6433,66.61,51,1,13.24
245,Vila Velha,-20.3297,-40.2925,69.75,78,20,4.61
246,Mattru,7.6244,-11.8332,74.61,90,100,2.84
247,Waingapu,-9.6567,120.2641,72.25,81,79,6.51
248,Kholmogory,64.2229,41.656,50.11,70,68,4.03
249,Paamiut,61.994,-49.6678,42.57,86,65,13.27
250,Gazanjyk,39.2446,55.5154,90.27,22,96,6.46
251,Seymchan,62.8833,152.4333,71.65,53,100,1.43
252,Zhirnovsk,50.9845,44.7735,70.29,83,73,9.13
253,Graaff-Reinet,-32.2522,24.5308,38.91,87,91,9.75
254,Praia,14.9215,-23.5087,81.14,78,0,6.91
255,Dunedin,-45.8742,170.5036,47.8,81,100,14.0
256,Kota Belud,6.351,116.4305,75.06,80,90,5.86
257,Sao Joao Da Barra,-21.6403,-41.0511,69.89,76,100,9.15
258,Paoua,7.2427,16.4406,70.45,84,79,4.94
259,Khatanga,71.9667,102.5,52.66,95,100,2.42
260,Puerto Quijarro,-17.7833,-57.7667,83.91,21,8,2.64
261,Biak,-0.9131,122.8766,74.48,91,100,7.9
262,Yulara,-25.2406,130.9889,58.84,38,0,9.22
263,Katsuura,35.1333,140.3,80.71,83,0,2.35
264,Antofagasta,-23.65,-70.4,58.28,71,17,6.08
265,Staryy Oskol,51.2967,37.8417,61.84,91,100,11.65
266,Sungairaya,0.7,108.9,78.67,88,100,6.55
267,Saint-Avold,49.1027,6.7006,67.73,89,0,3.83
268,Chapais,49.7834,-74.8492,69.58,30,56,8.88
269,Tres Arroyos,-38.3739,-60.2798,52.88,57,100,8.32
270,Wanaka,-44.7,169.15,41.11,99,100,3.62
271,Bilma,18.6853,12.9164,97.86,22,81,6.13
272,Faanui,-16.4833,-151.75,79.03,77,48,18.77
273,Monforte De Lemos,42.5216,-7.5142,75.29,81,22,2.55
274,Klobuck,50.9008,18.9367,65.25,79,35,4.07
275,Outlook,51.5001,-107.0513,88.36,31,0,6.08
276,Port Lincoln,-34.7333,135.8667,48.04,86,100,19.86
277,Poniatowa,51.1798,22.1309,64.31,76,54,7.25
278,Zella-Mehlis,50.65,10.65,58.33,87,0,2.35
279,General Roca,-39.0333,-67.5833,59.4,36,100,2.82
280,Lorengau,-2.0226,147.2712,81.0,77,75,2.44
281,Takoradi,4.8845,-1.7554,75.96,83,46,9.17
282,Serta,39.8085,-8.0988,63.95,80,0,5.7
283,Zhigansk,66.7697,123.3711,57.6,63,47,5.3
284,Sayat,38.7839,63.8803,85.87,18,0,7.56
285,Codrington,-38.2667,141.9667,40.84,92,100,10.02
286,Ibra,22.6906,58.5334,90.52,43,28,3.83
287,Alta Floresta,-9.8756,-56.0861,90.91,23,0,3.4
288,Savannah Bight,16.45,-85.85,87.85,79,99,20.18
289,Ulladulla,-35.35,150.4667,42.87,71,5,4.56
290,Arman,59.7,150.1667,53.6,95,100,5.39
291,Merrill,45.1805,-89.6835,76.77,54,1,4.61
292,Samana,19.2056,-69.3369,89.82,79,20,9.22
293,Wichian Buri,15.6578,101.106,75.09,88,92,6.58
294,Rio Verde De Mato Grosso,-18.9181,-54.8442,80.53,20,28,3.33
295,Vila Franca Do Campo,37.7167,-25.4333,70.21,79,23,8.86
296,Jacareacanga,-6.2222,-57.7528,92.98,34,17,2.42
297,Kuryk,43.2,51.65,87.12,44,46,8.68
298,Mujiayingzi,42.1167,118.7833,69.66,78,100,6.06
299,Palmer,42.1584,-72.3287,81.7,53,20,1.01
300,Hlinsko,49.7621,15.9076,62.24,85,13,1.54
301,Nemuro,43.3236,145.575,60.73,94,100,5.41
302,Xinmin,41.9908,122.8253,77.25,86,100,6.69
303,Corn Island,12.1694,-83.0418,81.91,81,100,24.38
304,Esfarayen,37.0765,57.5101,71.26,22,0,3.91
305,Sinnamary,5.3833,-52.95,81.95,80,28,10.6
306,South Venice,27.0531,-82.4243,92.14,71,1,9.22
307,Xinpu,34.5997,119.1594,74.5,94,93,6.58
308,San Ignacio,17.1561,-89.0714,84.34,74,75,4.61
309,Santa Cruz Del Norte,23.1539,-81.9236,90.21,67,6,10.6
310,Calama,-22.4667,-68.9333,73.89,5,0,20.71
311,Zhezkazgan,47.8043,67.7144,72.52,38,0,13.04
312,Belgrade,44.804,20.4651,67.66,73,0,6.91
313,Borogontsy,62.6683,131.1683,62.37,79,98,7.65
314,Mitsamiouli,-11.3847,43.2844,76.62,76,2,4.61
315,Singleton,-32.5667,151.1833,42.46,83,2,3.69
316,Ormara,25.2088,64.6357,83.55,87,96,14.45
317,Nome,64.5011,-165.4064,49.15,87,90,12.66
318,Sayyan,15.1718,44.3244,58.48,89,98,8.1
319,Abu Samrah,35.3029,37.1841,74.28,70,0,14.12
320,Namibe,-15.1961,12.1522,65.19,80,0,2.44
321,Jalu,29.0331,21.5482,81.77,55,0,19.8
322,Paracuru,-3.41,-39.0306,80.62,73,20,13.8
323,Cabo San Lucas,22.8909,-109.9124,98.82,63,31,9.86
324,Angoche,-16.2325,39.9086,73.15,86,0,5.64
325,Tommot,58.9564,126.2925,61.27,92,100,2.64
326,Coahuayana,18.7333,-103.6833,89.91,62,80,5.97
327,Chegdomyn,51.1167,133.0167,69.57,96,76,0.83
328,Akureyri,65.6835,-18.0878,67.93,45,0,10.36
329,Thinadhoo,0.5333,72.9333,81.9,74,100,7.38
330,Lebu,-37.6167,-73.65,53.73,90,100,5.37
331,Bustehrad,50.1559,14.189,64.18,71,0,2.3
332,Tabuk,17.4189,121.4443,73.67,91,76,1.68
333,Manjacaze,-24.7117,33.8828,64.04,31,25,5.97
334,Huilong,31.8111,121.655,79.99,83,24,13.27
335,Piacabucu,-10.4056,-36.4344,74.03,83,21,8.9
336,Sault Sainte Marie,46.5168,-84.3333,73.96,43,75,9.22
337,Cairns,-16.9167,145.7667,57.15,88,45,0.0
338,Faya,18.3851,42.4509,62.71,78,74,9.98
339,Sorland,67.667,12.6934,51.4,92,100,23.33
340,Harindanga,22.0383,88.3214,84.18,89,99,7.23
341,Poum,-20.2333,164.0167,71.74,61,21,7.25
342,Marinette,45.1,-87.6307,77.29,49,20,6.91
343,Vanavara,60.34,102.2797,56.1,78,93,1.52
344,Lata,40.1629,-8.3327,62.92,96,2,3.24
345,Leh,34.1667,77.5833,56.43,67,13,5.44
346,Klaksvik,62.2266,-6.589,54.52,87,0,13.09
347,Lumphat,13.4878,106.9816,73.06,99,100,2.73
348,Gemena,3.25,19.7667,73.53,75,100,2.73
349,Nouakchott,18.0858,-15.9785,78.73,84,12,16.04
350,Chake Chake,-5.2459,39.7666,74.35,83,7,8.95
351,Kushima,31.4583,131.2333,80.11,92,100,11.95
352,Pemberton,50.3164,-122.8027,71.29,37,44,7.99
353,Dabakala,8.3667,-4.4333,75.24,78,60,5.41
354,Namatanai,-3.6667,152.4333,78.98,84,68,4.83
355,Xiaoweizhai,26.1903,107.5125,69.94,97,99,2.59
356,Nueve De Julio,-35.4444,-60.8831,59.72,50,93,8.77
357,Baykit,61.67,96.37,52.7,95,62,2.15
358,Qiongshan,20.0058,110.3542,78.78,94,0,2.24
359,Palembang,-2.9167,104.7458,75.04,93,100,4.03
360,Kamyshevatskaya,46.4132,37.9563,79.36,79,0,13.58
361,Fukue,32.6881,128.8419,79.36,80,100,9.98
362,Lukovetskiy,64.2956,41.9211,49.98,72,60,3.91
363,Cochrane,51.1834,-114.4687,82.67,73,90,17.27
364,Zoutleeuw,50.8332,5.1038,69.55,81,0,1.14
365,Caravelas,-17.7125,-39.2481,69.48,70,9,5.28
366,Cockburn Town,21.4612,-71.1419,81.88,82,81,17.07
367,Cam Ranh,11.9214,109.1591,84.16,61,20,6.91
368,Huarmey,-10.0681,-78.1522,69.17,72,13,10.76
369,Broome,42.2506,-75.833,73.02,66,90,1.99
370,Kirakira,-10.4544,161.9205,79.21,86,20,8.05
371,Khanpur,28.6453,70.6567,89.56,49,7,9.06
372,Morden,49.1919,-98.1014,82.78,78,98,12.66
373,Sakaraha,-22.9,44.5333,66.16,70,26,0.74
374,Abong Mbang,3.9833,13.1833,68.45,91,100,2.93
375,Christchurch,-43.5333,172.6333,48.9,88,90,5.99
376,Vostok,46.4856,135.8833,69.3,93,9,3.38
377,Jaicos,-7.3592,-41.1378,85.37,28,1,9.33
378,Flin Flon,54.7682,-101.865,73.24,73,90,4.61
379,Carutapera,-1.195,-46.02,79.23,82,61,8.59
380,Mayo,38.8876,-76.5119,88.09,65,20,1.01
381,Avera,33.194,-82.5271,87.71,61,100,4.43
382,El Alto,-4.2714,-81.2147,73.06,74,10,20.24
383,Batagay-Alyta,67.8006,130.4114,53.51,68,40,1.81
384,Ahipara,-35.1667,173.1667,57.45,88,65,11.97
385,Tazovskiy,67.4667,78.7,58.87,93,100,18.05
386,Nenjiang,49.1833,125.2167,72.55,92,56,5.12
387,Liepaja,56.5419,21.0367,59.05,94,0,0.0
388,Reconquista,-29.15,-59.65,62.24,44,0,6.26
389,Katesh,-4.5167,35.3833,53.74,81,4,4.65
390,Olafsvik,64.8945,-23.7142,53.15,93,98,12.35
391,Imola,44.3523,11.7158,78.73,69,26,4.27
392,Porto Belo,-27.1578,-48.5531,61.97,72,0,2.62
393,Mao,39.8885,4.2658,77.56,78,0,5.75
394,Padang,-0.9492,100.3543,73.45,82,73,4.07
395,Yar-Sale,66.8333,70.8333,56.08,92,100,7.14
396,Ventspils,57.3894,21.5606,58.93,72,20,4.61
397,Borovoy,55.4333,86.0833,60.08,88,0,4.47
398,Solnechnyy,50.7214,136.6319,74.79,81,100,1.32
399,Horsham,51.064,-0.3272,75.72,71,20,2.3
400,Anito,12.4497,125.2886,80.74,79,100,15.93
401,Sovetskiy,61.3614,63.5842,54.23,84,2,5.79
402,Buraydah,26.326,43.975,93.65,21,54,4.07
403,Te Anau,-45.4167,167.7167,39.83,94,98,2.77
404,Westerland,54.9079,8.3033,59.02,67,75,11.5
405,Fergus Falls,46.283,-96.0776,85.26,54,1,12.66
406,Willowmore,-33.2926,23.4895,35.8,86,100,20.76
407,Oudtshoorn,-33.5907,22.2014,41.36,79,98,15.46
408,Burns Lake,54.2331,-125.7533,58.42,35,85,4.43
409,Xining,36.6167,101.7667,58.95,76,88,3.36
410,Turayf,31.6725,38.6637,82.65,47,0,13.8
411,Baculin,7.4525,126.5842,78.39,65,45,5.75
412,Billings,45.7833,-108.5007,94.28,28,20,4.61
413,Bathsheba,13.2167,-59.5167,84.81,74,40,19.57
414,Cercal,37.806,-8.6715,61.74,84,0,5.46
415,Muros,42.7762,-9.0603,67.84,84,29,7.81
416,Luderitz,-26.6481,15.1594,54.28,50,0,21.65
417,Malvern,34.3623,-92.813,90.63,64,65,6.82
418,Adrar,20.5022,-10.0711,93.4,8,38,13.2
419,Nalut,30.3333,10.85,84.29,26,0,21.32
420,College,64.8569,-147.8028,72.09,49,75,0.0
421,Sheridan,44.8333,-106.9173,93.38,34,47,4.0
422,Novoselitskoye,44.7508,43.4369,82.27,34,71,4.63
423,Brumadinho,-20.1433,-44.1997,72.68,42,14,1.63
424,Iqaluit,63.7506,-68.5145,44.33,93,90,4.0
425,Carupano,10.6678,-63.2585,81.79,74,77,13.8
426,Destin,30.3935,-86.4958,91.53,77,1,5.75
427,Nantucket,41.2835,-70.0995,80.26,85,1,8.05
428,Vardo,70.3705,31.1107,46.6,88,100,23.64
429,Makakilo City,21.3469,-158.0858,80.92,73,75,12.66
430,Iglesias,39.3114,8.535,77.76,57,0,3.18
431,Coquimbo,-29.9533,-71.3436,51.53,87,40,9.22
432,Carlyle,38.6103,-89.3726,89.46,62,81,1.99
433,Opuwo,-18.0607,13.84,60.53,24,0,7.16
434,Umea,63.8284,20.2597,59.92,63,90,11.5
435,Seoul,37.5683,126.9778,78.24,91,0,2.3
436,Norman Wells,65.282,-126.8329,80.64,41,75,8.05
437,Taseyevo,57.2169,94.8978,57.58,80,38,2.26
438,Necochea,-38.5473,-58.7368,55.04,64,100,9.82
439,Tsiroanomandidy,-18.7667,46.0333,60.51,64,51,3.13
440,Athabasca,54.7169,-113.2854,66.61,54,79,11.25
441,Mubende,0.5606,31.39,65.23,70,48,0.29
442,Emerald,-23.5333,148.1667,43.99,53,0,4.61
443,Mecca,21.4267,39.8261,86.09,60,44,22.48
444,Labuhan,-6.8844,112.2051,76.03,85,94,8.28
445,Tomsk,58.5,82.5,57.96,79,16,5.46
446,Rawson,-43.3002,-65.1023,56.52,57,100,19.6
447,Walvis Bay,-22.9575,14.5053,55.09,71,0,6.91
448,Gamba,-2.65,10.0,71.49,88,67,6.67
449,Saint-Ambroise,48.5501,-71.3324,77.49,77,95,5.88
450,Port Shepstone,-30.7414,30.455,55.15,71,0,6.08
451,Verkhoyansk,67.5447,133.385,57.79,62,100,5.17
452,Jaynagar-Majilpur,22.1758,88.4178,84.16,90,99,7.25
453,Parambu,-6.2111,-40.6944,79.65,30,2,4.97
454,Salinas,36.6777,-121.6555,92.57,64,1,14.97
455,Ostrovnoy,68.0531,39.5131,44.87,86,80,9.78
456,Ust-Nera,64.5667,143.2,60.06,97,100,4.9
457,Joshimath,30.5667,79.5667,70.41,91,100,1.66
458,Taltal,-25.4,-70.4833,62.02,66,22,6.71
459,Karratha,-20.7377,116.8463,71.08,70,7,8.59
460,Kontagora,10.3999,5.4695,73.6,85,99,4.25
461,Quelimane,-17.8786,36.8883,73.35,94,75,2.3
462,Guayaquil,-2.1667,-79.9,90.7,46,20,9.22
463,Pangody,65.85,74.4859,62.62,91,100,24.58
464,Newport,51.5877,-2.9984,75.74,71,0,4.36
465,Santa Maria,-29.6842,-53.8069,54.7,71,0,3.44
466,Swan Hill,-35.3378,143.5544,39.79,79,97,7.02
467,Moussoro,13.6408,16.4901,88.21,45,68,7.11
468,Dunmore East,52.1514,-6.9861,69.69,74,0,1.14
469,Pimentel,-6.8367,-79.9342,73.69,64,0,14.97
470,Ipixuna,-1.7625,-48.8043,76.95,94,78,2.66
471,Topchanchi,23.9,86.2,81.55,81,100,3.8
472,Jijiga,9.35,42.8,64.31,67,98,18.5
473,Kirensk,57.7853,108.1119,58.35,91,38,3.91
474,Elverum,60.8819,11.5623,52.59,67,7,4.21
475,Hot Springs,34.5037,-93.0552,89.62,64,75,4.0
476,Clarksburg,39.2807,-80.3445,84.31,60,40,9.22
477,Kahului,20.8947,-156.47,85.26,75,40,21.85
478,Pacific Grove,36.6177,-121.9166,92.16,77,1,7.0
479,Jinzhou,41.1078,121.1417,74.68,86,100,4.63
480,Rovaniemi,66.5,25.7167,51.21,87,0,4.61
481,Johannesburg,-26.2023,28.0436,41.16,34,0,1.01
482,Doha,25.2867,51.5333,98.58,50,9,10.36
483,Yarada,17.65,83.2667,77.32,100,90,2.3
484,Tecate,32.5667,-116.6333,101.3,38,97,11.3
485,La Ronge,55.1001,-105.2842,66.45,82,90,2.3
486,Snezhnogorsk,69.1933,33.2531,46.18,88,100,12.75
487,Rocky Mountain House,52.3668,-114.9188,76.75,77,11,8.05
488,Ayan,56.45,138.1667,62.8,89,99,1.3
489,Mvuma,-19.2792,30.5283,52.57,40,7,6.13
490,Mount Gambier,-37.8333,140.7667,42.71,93,40,5.75
491,Urucui,-7.2294,-44.5561,83.95,34,20,5.7
492,Kabo,7.6994,18.629,74.17,80,97,3.13
493,Santa Isabel,-23.3156,-46.2214,69.58,46,89,0.69
494,Kiruna,67.8557,20.2251,45.52,93,90,2.3
495,Buala,-8.145,159.5921,82.53,76,36,6.67
496,Sisian,39.5256,46.0251,79.16,84,24,4.59
497,Vestmanna,62.1564,-7.1664,52.72,94,75,16.11
498,Teluknaga,-6.0989,106.6381,81.61,83,20,4.61
499,Annur,11.2333,77.1333,79.21,73,100,7.81
500,Krasnogorskoye,52.2953,86.1979,58.78,95,54,1.79
501,Guerrero Negro,27.9769,-114.0611,77.14,65,100,18.84
502,Chingirlau,51.095,54.0814,75.54,54,80,5.88
503,Loandjili,-4.7561,11.8578,73.51,83,90,4.61
504,Rujiena,57.8975,25.3316,56.05,88,0,5.28
505,Berbera,10.4396,45.0143,90.27,41,73,24.36
506,Lixourion,38.2019,20.4314,75.13,86,1,8.05
507,Kabompo,-13.5927,24.2008,55.15,41,2,5.84
508,Surgut,61.25,73.4167,69.98,78,40,8.95
509,Yurgamysh,55.3714,64.4656,64.09,95,65,5.06
510,Coos Bay,43.3665,-124.2179,75.31,64,1,19.57
511,Bar Harbor,44.3876,-68.2039,77.52,76,1,1.99
512,Mingaora,34.7758,72.3625,72.07,72,91,4.85
513,Dourados,-22.2211,-54.8056,64.72,22,1,5.99
514,Portland,45.5234,-122.6762,76.08,45,75,1.99
515,Sao Raimundo Nonato,-9.0153,-42.6994,82.08,38,83,9.33
516,Vung Tau,10.346,107.0843,79.74,86,100,13.38
517,Kitui,-1.367,38.0106,61.59,86,59,9.42
518,Anloga,5.7947,0.8973,77.22,81,60,14.56
519,Umm Lajj,25.0213,37.2685,85.8,73,51,8.68
520,Aban,56.67,96.06,59.14,92,48,4.07
521,Sinegorye,62.0788,150.477,66.13,72,100,5.01
522,Sobolevo,54.4299,31.8996,52.11,84,24,8.28
523,Byron Bay,-28.65,153.6167,53.55,62,5,10.78
524,Northam,51.0333,-4.2167,73.62,77,50,3.09
525,Westport,41.1415,-73.3579,83.28,76,20,7.0
526,Guozhen,34.3659,107.359,72.75,92,54,5.06
527,Kedrovyy,56.1667,91.8167,52.21,93,57,2.86
528,Denpasar,-8.65,115.2167,78.06,74,97,6.85
529,Hualmay,-11.0964,-77.6139,66.42,74,19,9.91
530,Uige,-7.6087,15.0613,66.96,52,0,4.12
531,Kimbe,-5.5502,150.1429,78.46,87,63,4.09
532,Wahiawa,21.5028,-158.0236,79.12,82,75,3.44
533,Doka,13.5167,35.7667,70.36,88,100,8.1
534,Bhuj,23.2667,69.6667,82.56,77,95,22.77
535,Constitucion,-35.3333,-72.4167,56.41,80,100,3.06
536,Balkanabat,39.5108,54.3671,92.25,24,87,6.8
537,Kidal,18.4411,1.4078,89.55,40,65,4.52
538,Chagoda,59.164,35.3285,46.49,71,9,5.06
539,Chokwe,-24.5333,32.9833,63.77,28,0,6.4
540,Zhuhai,22.2769,113.5678,82.18,94,40,6.91
541,Egvekinot,66.3167,-179.1667,43.32,76,98,11.41
542,Novotroitsk,51.203,58.3266,75.9,61,14,3.56
543,Kultuk,51.7208,103.6956,55.69,95,6,2.04
544,Svetlogorsk,52.6333,29.7333,58.46,60,4,10.2
545,Yetkul,54.8221,61.588,66.18,94,79,5.44
546,Cortland,42.6001,-76.083,72.41,75,75,5.75
547,Mpongwe,-13.5091,28.155,58.17,46,0,5.08
548,Malkangiri,18.35,81.9,74.35,98,100,6.08
549,Sabya,17.1495,42.6254,80.22,67,90,6.53
550,Krasavino,60.9614,46.4814,51.75,89,77,3.2
551,Harper,4.375,-7.7169,76.39,81,34,6.8
552,Berdigestyakh,62.0989,126.6992,62.6,83,26,5.99
553,Mackenzie,55.2999,-123.1698,52.02,93,90,9.22
554,Jacmel,18.2342,-72.5347,91.24,70,91,5.03
555,Ajdabiya,30.7554,20.2263,78.13,71,0,13.82
556,Aranos,-24.1333,19.1167,38.08,23,0,7.78
557,Kochevo,59.5994,54.3125,57.36,76,100,1.81
558,Katobu,-4.9408,122.5276,71.53,96,60,1.41
559,Barcelos,41.5388,-8.6151,72.28,96,11,4.18
560,West Bay,19.3667,-81.4167,89.67,66,20,14.97
561,Pitimbu,-7.4706,-34.8086,75.79,84,18,14.43
562,Sorong,-0.8833,131.25,76.95,89,95,7.49
563,Jaca,42.569,-0.5499,78.98,53,1,4.74
564,San Carlos De Bariloche,-41.1456,-71.3082,53.35,47,0,13.8
565,Winnemucca,40.973,-117.7357,95.05,11,1,6.91
566,Trebinje,42.7119,18.3442,77.36,34,0,12.66
567,Makushino,55.2103,67.2442,64.54,70,66,8.5
568,Mvomero,-6.25,38.6667,69.06,95,15,2.42
569,Belmonte,-15.8631,-38.8828,72.1,73,39,8.61
570,Sumenep,-7.0167,113.8667,77.81,79,56,6.11
571,Nanortalik,60.1432,-45.2371,43.39,99,100,6.6
572,Laguna,38.421,-121.4238,104.22,31,1,3.0
573,Tarsus,36.9188,34.8784,80.98,80,5,1.19
574,Watsa,3.0372,29.5355,62.78,99,100,3.06
575,Idaho Falls,43.4666,-112.0341,91.85,29,1,1.01
576,Sao Jose Da Tapera,-9.5583,-37.3811,69.75,84,29,8.99
577,Navolato,24.7672,-107.6944,101.64,58,100,11.92
578,San Quintin,30.4833,-115.95,76.05,69,61,14.76
579,Porto Tolle,44.9497,12.3245,78.82,68,14,9.04
580,Zhigalovo,54.8097,105.1578,60.46,90,2,1.45
581,Isesaki,36.3167,139.2,79.03,64,2,2.21
582,Saldanha,-33.0117,17.9442,46.45,60,71,14.94
583,Vitre,48.1178,-1.2058,75.02,76,100,8.84
584,Tahta,26.7693,31.5021,92.62,26,1,11.95
585,Verkhovazhye,60.7472,42.0465,49.1,68,86,3.85
586,Delvada,20.7667,71.0333,81.97,84,100,21.41
587,Amuntai,-2.4177,115.2494,72.16,98,100,2.08
588,Russell,32.3502,-85.1999,88.75,55,1,0.0
589,Manuk Mangkaw,4.8,119.85,84.0,77,94,18.1
590,Komsomolskiy,40.4272,71.7189,72.82,64,1,4.61
591,Port Hedland,-20.3167,118.5667,64.45,100,75,4.61
592,Languyan,5.2618,120.0807,79.7,88,100,8.12
593,Prince Rupert,54.3161,-130.3201,57.29,91,90,5.75
594,Dieppe,49.75,1.1667,71.78,88,0,3.74
595,Gobabis,-22.45,18.9667,42.19,58,0,8.77
596,Asau,46.4333,26.4,63.95,65,100,5.12
597,Kampot,10.6167,104.1833,78.37,87,99,7.45
598,Galveston,29.3669,-94.9669,89.15,71,20,1.99
